"id","name","name_normalized","category","serving_size_g","serving_unit","calorie_per_100g","usda_id","source","is_verified","embedding","created_at","updated_at"
"08443ad3-a197-4a35-a591-cdd2aab266c4","Hummus, commercial","hummus commercial","Legumes and Legume Products","100.00","g","233.67","321358","USDA","True","","2026-01-07T15:52:44.654691","2026-01-07T15:52:44.654691"
"395a3ca8-efed-467e-a81d-99db7b860db4","Tomatoes, grape, raw","tomatoes grape raw","Vegetables and Vegetable Products","100.00","g","28.33","321360","USDA","True","","2026-01-07T15:52:44.654691","2026-01-07T15:52:44.654691"
"66a7641a-8270-4dc6-9772-0051bffd485c","Beans, snap, green, canned, regular pack, drained solids","beans snap green canned regular pack drained solids","Vegetables and Vegetable Products","100.00","g","21.67","321611","USDA","True","","2026-01-07T15:52:44.654691","2026-01-07T15:52:44.654691"
"d67235c2-7ef5-4803-8185-47b7ec2ee8e7","Frankfurter, beef, unheated","frankfurter beef unheated","Sausages and Luncheon Meats","100.00","g","312.67","323121","USDA","True","","2026-01-07T15:52:44.654691","2026-01-07T15:52:44.654691"
"568eae66-b0bb-40fd-b0be-75c4df8a5068","Nuts, almonds, dry roasted, with salt added","nuts almonds dry roasted with salt added","Nut and Seed Products","100.00","g","636.00","323294","USDA","True","","2026-01-07T15:52:44.654691","2026-01-07T15:52:44.654691"
"9e5da1e2-7e56-4180-b9d3-c3e054e4b5ab","Kale, raw","kale raw","Vegetables and Vegetable Products","100.00","g","37.67","323505","USDA","True","","2026-01-07T15:52:44.654691","2026-01-07T15:52:44.654691"
"f62d5f8d-9fc1-43b4-bda8-f5cc7d9ba438","Egg, whole, raw, frozen, pasteurized","egg whole raw frozen pasteurized","Dairy and Egg Products","100.00","g","148.67","323604","USDA","True","","2026-01-07T15:52:44.654691","2026-01-07T15:52:44.654691"
"f84a0d73-f6be-4109-bc05-252824d29f40","Egg, white, raw, frozen, pasteurized","egg white raw frozen pasteurized","Dairy and Egg Products","100.00","g","47.00","323697","USDA","True","","2026-01-07T15:52:44.654691","2026-01-07T15:52:44.654691"
"61fd8b51-6265-4b99-bb94-edc8aeccfe45","Egg, white, dried","egg white dried","Dairy and Egg Products","100.00","g","367.33","323793","USDA","True","","2026-01-07T15:52:44.654691","2026-01-07T15:52:44.654691"
"158c21be-a132-4a26-8a40-db0dee86549f","Onion rings, breaded, par fried, frozen, prepared, heated in oven","onion rings breaded par fried frozen prepared heated in oven","Vegetables and Vegetable Products","100.00","g","290.00","324317","USDA","True","","2026-01-07T15:52:44.654691","2026-01-07T15:52:44.654691"
"747729e6-c321-42e5-b0d6-a096e1190642","Pickles, cucumber, dill or kosher dill","pickles cucumber dill or kosher dill","Vegetables and Vegetable Products","100.00","g","12.67","324653","USDA","True","","2026-01-07T15:52:44.654691","2026-01-07T15:52:44.654691"
"a6f2f8ad-9861-4e4b-b719-cc7811d7caea","Cheese, parmesan, grated","cheese parmesan grated","Dairy and Egg Products","100.00","g","420.33","325036","USDA","True","","2026-01-07T15:52:44.654691","2026-01-07T15:52:44.654691"
"47e60422-be14-45b5-a4a2-cfb1951ea90c","Cheese, pasteurized process, American, vitamin D fortified","cheese pasteurized process american vitamin d fortified","Dairy and Egg Products","100.00","g","366.67","325198","USDA","True","","2026-01-07T15:52:44.654691","2026-01-07T15:52:44.654691"
"6215431d-39e6-48bd-b5f4-97266a2621d4","Grapefruit juice, white, canned or bottled, unsweetened","grapefruit juice white canned or bottled unsweetened","Fruits and Fruit Juices","100.00","g","37.67","325287","USDA","True","","2026-01-07T15:52:44.654691","2026-01-07T15:52:44.654691"
"83cd0a7d-4b60-4909-9258-2020d7a081ec","Peaches, yellow, raw","peaches yellow raw","Fruits and Fruit Juices","100.00","g","43.33","325430","USDA","True","","2026-01-07T15:52:44.654691","2026-01-07T15:52:44.654691"
"894d94b3-7217-43b7-9147-6ec9c0122ac6","Seeds, sunflower seed kernels, dry roasted, with salt added","seeds sunflower seed kernels dry roasted with salt added","Nut and Seed Products","100.00","g","627.00","325524","USDA","True","","2026-01-07T15:52:44.654691","2026-01-07T15:52:44.654691"
"d6ccda8e-6dd0-4cf9-affb-5eb38da0aa55","Bread, white, commercially prepared","bread white commercially prepared","Baked Products","100.00","g","269.00","325871","USDA","True","","2026-01-07T15:52:44.654691","2026-01-07T15:52:44.654691"
"763a47cf-4ff5-4915-aa82-21dd9ea1b46c","Kale, frozen, cooked, boiled, drained, without salt","kale frozen cooked boiled drained without salt","Vegetables and Vegetable Products","100.00","g","38.67","326196","USDA","True","","2026-01-07T15:52:44.654691","2026-01-07T15:52:44.654691"
"fe849d37-fa81-448e-b8bf-572b371bcfe3","Mustard, prepared, yellow","mustard prepared yellow","Spices and Herbs","100.00","g","63.67","326698","USDA","True","","2026-01-07T15:52:44.654691","2026-01-07T15:52:44.654691"
"95e18447-0789-4da4-b510-3be5b5b2bf10","Kiwifruit, green, raw","kiwifruit green raw","Fruits and Fruit Juices","100.00","g","60.00","327046","USDA","True","","2026-01-07T15:52:44.654691","2026-01-07T15:52:44.654691"
"047d4434-680f-4d6b-b35e-63a62ca1fc69","Nectarines, raw","nectarines raw","Fruits and Fruit Juices","100.00","g","40.33","327357","USDA","True","","2026-01-07T15:52:44.654691","2026-01-07T15:52:44.654691"
"ebadd1f9-9fd4-4a05-bbfd-d722b8a07547","Cheese, cheddar","cheese cheddar","Dairy and Egg Products","100.00","g","408.33","328637","USDA","True","","2026-01-07T15:52:44.654691","2026-01-07T15:52:44.654691"
"214f4b35-1003-413e-89ff-11092e610ece","Cheese, cottage, lowfat, 2% milkfat","cheese cottage lowfat 2% milkfat","Dairy and Egg Products","100.00","g","83.33","328841","USDA","True","","2026-01-07T15:52:44.654691","2026-01-07T15:52:44.654691"
"b68a6942-568e-4bad-88bf-2d79a76892ca","Cheese, mozzarella, low moisture, part-skim","cheese mozzarella low moisture part-skim","Dairy and Egg Products","100.00","g","297.33","329370","USDA","True","","2026-01-07T15:52:44.654691","2026-01-07T15:52:44.654691"
"abccc56e-5768-41c5-b890-d5dc496f9eda","Egg, whole, dried","egg whole dried","Dairy and Egg Products","100.00","g","569.67","329490","USDA","True","","2026-01-07T15:52:44.654691","2026-01-07T15:52:44.654691"
"7eef31d3-de8f-46b0-a220-06191dd3b19a","Egg, yolk, raw, frozen, pasteurized","egg yolk raw frozen pasteurized","Dairy and Egg Products","100.00","g","294.67","329596","USDA","True","","2026-01-07T15:52:44.654691","2026-01-07T15:52:44.654691"
"c80abc01-c16a-49bb-8a38-95268b514e6a","Egg, yolk, dried","egg yolk dried","Dairy and Egg Products","100.00","g","649.67","329716","USDA","True","","2026-01-07T15:52:44.654691","2026-01-07T15:52:44.654691"
"8c71cff2-dbb4-4455-bfc2-d43a74166422","Yogurt, Greek, plain, nonfat","yogurt greek plain nonfat","Dairy and Egg Products","100.00","g","60.33","330137","USDA","True","","2026-01-07T15:52:44.654691","2026-01-07T15:52:44.654691"
"5792c7d0-c8ae-4f20-b06a-e37ac83c882e","Yogurt, Greek, strawberry, nonfat","yogurt greek strawberry nonfat","Dairy and Egg Products","100.00","g","82.67","330415","USDA","True","","2026-01-07T15:52:44.654691","2026-01-07T15:52:44.654691"
"bf03a6a6-2259-41d5-a324-36a4d8041a75","Oil, coconut","oil coconut","Fats and Oils","100.00","g","853.67","330458","USDA","True","","2026-01-07T15:52:44.654691","2026-01-07T15:52:44.654691"
"b51860e9-4dfa-4769-8777-48c5370d1031","Chicken, broilers or fryers, drumstick, meat only, cooked, braised","chicken broilers or fryers drumstick meat only cooked braised","Poultry Products","100.00","g","153.67","331897","USDA","True","","2026-01-07T15:52:44.654691","2026-01-07T15:52:44.654691"
"d912ea11-ee9a-480d-9e8a-bd86b5cb8680","Chicken, broiler or fryers, breast, skinless, boneless, meat only, cooked, braised","chicken broiler or fryers breast skinless boneless meat only cooked braised","Poultry Products","100.00","g","163.33","331960","USDA","True","","2026-01-07T15:52:44.654691","2026-01-07T15:52:44.654691"
"0f3946e2-9a44-4e88-84b2-841f00a62e49","Sauce, pasta, spaghetti/marinara, ready-to-serve","sauce pasta spaghetti/marinara ready-to-serve","Soups, Sauces, and Gravies","100.00","g","47.00","332282","USDA","True","","2026-01-07T15:52:44.654691","2026-01-07T15:52:44.654691"
"6f8aa215-0289-4c0f-b2fe-e427ddac2bda","Ham, sliced, pre-packaged, deli meat (96%fat free, water added)","ham sliced pre-packaged deli meat 96%fat free water added","Sausages and Luncheon Meats","100.00","g","104.33","332397","USDA","True","","2026-01-07T15:52:44.654691","2026-01-07T15:52:44.654691"
"99c60769-5a41-45aa-a430-8cf1ba42a11a","Olives, green, Manzanilla, stuffed with pimiento","olives green manzanilla stuffed with pimiento","Fruits and Fruit Juices","100.00","g","133.67","332791","USDA","True","","2026-01-07T15:52:44.654691","2026-01-07T15:52:44.654691"
"76c84c12-b3a4-4cce-90b6-c3e4925406ce","Cookies, oatmeal, soft, with raisins","cookies oatmeal soft with raisins","Baked Products","100.00","g","430.00","333008","USDA","True","","2026-01-07T15:52:44.654691","2026-01-07T15:52:44.654691"
"d2686660-d0ae-450b-a7d4-ad50c70fd3a7","Tomatoes, canned, red, ripe, diced","tomatoes canned red ripe diced","Vegetables and Vegetable Products","100.00","g","19.00","333281","USDA","True","","2026-01-07T15:52:44.654691","2026-01-07T15:52:44.654691"
"1315af2e-1bba-4252-9e75-c0926f9f4ef3","Fish, haddock, raw","fish haddock raw","Finfish and Shellfish Products","100.00","g","72.33","333374","USDA","True","","2026-01-07T15:52:44.654691","2026-01-07T15:52:44.654691"
"d3e9f67e-1c15-4de3-91a8-ce769e428d9d","Fish, pollock, raw","fish pollock raw","Finfish and Shellfish Products","100.00","g","55.00","333476","USDA","True","","2026-01-07T15:52:44.654691","2026-01-07T15:52:44.654691"
"ba19648e-0648-45d2-ba03-5b09053de7c6","Fish, tuna, light, canned in water, drained solids","fish tuna light canned in water drained solids","Finfish and Shellfish Products","100.00","g","88.33","334194","USDA","True","","2026-01-07T15:52:44.654691","2026-01-07T15:52:44.654691"
"7a5f6f85-332e-42cb-af66-ea173e964a3f","Restaurant, Chinese, fried rice, without meat","restaurant chinese fried rice without meat","Restaurant Foods","100.00","g","174.00","334536","USDA","True","","2026-01-07T15:52:44.654691","2026-01-07T15:52:44.654691"
"1b7725c9-f102-4683-a145-fe84b75ca976","Restaurant, Latino, tamale, pork","restaurant latino tamale pork","Restaurant Foods","100.00","g","174.00","334628","USDA","True","","2026-01-07T15:52:44.654691","2026-01-07T15:52:44.654691"
"3a7448cc-cff5-43e7-9dd5-7d2d25ae93f6","Restaurant, Latino, pupusas con frijoles (pupusas, bean)","restaurant latino pupusas con frijoles pupusas bean","Restaurant Foods","100.00","g","229.00","334720","USDA","True","","2026-01-07T15:52:44.654691","2026-01-07T15:52:44.654691"
"1cb21228-a654-4564-bee0-5838c3972453","Bread, whole-wheat, commercially prepared","bread whole-wheat commercially prepared","Baked Products","100.00","g","254.00","335240","USDA","True","","2026-01-07T15:52:44.654691","2026-01-07T15:52:44.654691"
"cf2d3787-98b2-4520-886a-934782dbc389","Beef, loin, tenderloin roast, separable lean only, boneless, trimmed to 0"" fat, select, cooked, roasted","beef loin tenderloin roast separable lean only boneless trimmed to 0 fat select cooked roasted","Beef Products","100.00","g","173.33","746758","USDA","True","","2026-01-07T15:52:44.654691","2026-01-07T15:52:44.654691"
"fbcbe791-f396-405d-82d7-9456dd641d4e","Beef, loin, top loin steak, boneless, lip-on, separable lean only, trimmed to 1/8"" fat, choice, raw","beef loin top loin steak boneless lip-on separable lean only trimmed to 1/8 fat choice raw","Beef Products","100.00","g","153.00","746759","USDA","True","","2026-01-07T15:52:44.654691","2026-01-07T15:52:44.654691"
"cce5b674-0bf4-4a4f-a248-ac18b31765c8","Beef, round, eye of round roast, boneless, separable lean only, trimmed to 0"" fat, select, raw","beef round eye of round roast boneless separable lean only trimmed to 0 fat select raw","Beef Products","100.00","g","120.00","746760","USDA","True","","2026-01-07T15:52:44.654691","2026-01-07T15:52:44.654691"
"53964433-b739-4f52-8ffc-77a02d1d8d7b","Beef, round, top round roast, boneless, separable lean only, trimmed to 0"" fat, select, raw","beef round top round roast boneless separable lean only trimmed to 0 fat select raw","Beef Products","100.00","g","120.67","746761","USDA","True","","2026-01-07T15:52:44.654691","2026-01-07T15:52:44.654691"
"017b64b8-d4e5-4a95-b748-f6b529c4f8d5","Beef, short loin, porterhouse steak, separable lean only, trimmed to 1/8"" fat, select, raw","beef short loin porterhouse steak separable lean only trimmed to 1/8 fat select raw","Beef Products","100.00","g","143.00","746762","USDA","True","","2026-01-07T15:52:44.654691","2026-01-07T15:52:44.654691"
"578f53ff-5299-4987-98cd-96baf696edbd","Beef, short loin, t-bone steak, bone-in, separable lean only, trimmed to 1/8"" fat, choice, cooked, grilled","beef short loin t-bone steak bone-in separable lean only trimmed to 1/8 fat choice cooked grilled","Beef Products","100.00","g","216.67","746763","USDA","True","","2026-01-07T15:52:44.654691","2026-01-07T15:52:44.654691"
"437b19dc-d43a-45b1-b740-79b4ab678b86","Carrots, frozen, unprepared","carrots frozen unprepared","Vegetables and Vegetable Products","100.00","g","37.67","746764","USDA","True","","2026-01-07T15:52:44.654691","2026-01-07T15:52:44.654691"
"6e3da28b-ccc9-4df2-b013-a603825e4161","Cheese, dry white, queso seco","cheese dry white queso seco","Dairy and Egg Products","100.00","g","325.67","746765","USDA","True","","2026-01-07T15:52:44.654691","2026-01-07T15:52:44.654691"
"6d88ad15-8b31-46b1-97c1-2c3cd9d6ebed","Cheese, ricotta, whole milk","cheese ricotta whole milk","Dairy and Egg Products","100.00","g","157.33","746766","USDA","True","","2026-01-07T15:52:44.654691","2026-01-07T15:52:44.654691"
"c7609fe4-5a03-4802-a25f-306841f77698","Cheese, swiss","cheese swiss","Dairy and Egg Products","100.00","g","393.00","746767","USDA","True","","2026-01-07T15:52:44.654691","2026-01-07T15:52:44.654691"
"d49dc54d-2bc5-4b2c-b42f-4bd74aacb85c","Figs, dried, uncooked","figs dried uncooked","Fruits and Fruit Juices","100.00","g","258.33","746768","USDA","True","","2026-01-07T15:52:44.654691","2026-01-07T15:52:44.654691"
"7d5a1b9a-145c-4119-ad00-39e226c4dab5","Lettuce, cos or romaine, raw","lettuce cos or romaine raw","Vegetables and Vegetable Products","100.00","g","18.00","746769","USDA","True","","2026-01-07T15:52:44.654691","2026-01-07T15:52:44.654691"
"616e7a7a-5053-4f60-a620-6f91143bd588","Melons, cantaloupe, raw","melons cantaloupe raw","Fruits and Fruit Juices","100.00","g","35.33","746770","USDA","True","","2026-01-07T15:52:44.654691","2026-01-07T15:52:44.654691"
"b60353a9-c608-436b-83cf-4fdc68e8ece1","Oranges, raw, navels","oranges raw navels","Fruits and Fruit Juices","100.00","g","48.67","746771","USDA","True","","2026-01-07T15:52:44.654691","2026-01-07T15:52:44.654691"
"7ba36d1b-5004-4750-a2b8-10f467a2bec6","Milk, lowfat, fluid, 1% milkfat, with added vitamin A and vitamin D","milk lowfat fluid 1% milkfat with added vitamin a and vitamin d","Dairy and Egg Products","100.00","g","43.00","746772","USDA","True","","2026-01-07T15:52:44.654691","2026-01-07T15:52:44.654691"
"0987c77a-6366-4594-a235-bbad5a72c74c","Pears, raw, bartlett","pears raw bartlett","Fruits and Fruit Juices","100.00","g","59.00","746773","USDA","True","","2026-01-07T15:52:44.654691","2026-01-07T15:52:44.654691"
"635d8a78-0c29-490d-9e15-000b0e75c13b","Restaurant, Chinese, sweet and sour pork","restaurant chinese sweet and sour pork","Restaurant Foods","100.00","g","260.00","746774","USDA","True","","2026-01-07T15:52:44.654691","2026-01-07T15:52:44.654691"
"d7386c07-550f-4708-837e-15dd66f1a41c","Salt, table, iodized","salt table iodized","Spices and Herbs","100.00","g","0.00","746775","USDA","True","","2026-01-07T15:52:44.654691","2026-01-07T15:52:44.654691"
"b2debfeb-5dba-406d-8023-97284786a4b6","Milk, nonfat, fluid, with added vitamin A and vitamin D (fat free or skim)","milk nonfat fluid with added vitamin a and vitamin d fat free or skim","Dairy and Egg Products","100.00","g","34.00","746776","USDA","True","","2026-01-07T15:52:44.654691","2026-01-07T15:52:44.654691"
"be184955-1fbe-49cb-9b4b-f11c2ad1099c","Sauce, salsa, ready-to-serve","sauce salsa ready-to-serve","Soups, Sauces, and Gravies","100.00","g","30.67","746777","USDA","True","","2026-01-07T15:52:44.654691","2026-01-07T15:52:44.654691"
"f46e8cd5-1ce6-45ae-ba97-ba74d0ea70b7","Milk, reduced fat, fluid, 2% milkfat, with added vitamin A and vitamin D","milk reduced fat fluid 2% milkfat with added vitamin a and vitamin d","Dairy and Egg Products","100.00","g","50.00","746778","USDA","True","","2026-01-07T15:52:44.654691","2026-01-07T15:52:44.654691"
"7f5f2774-7811-48c2-ac4c-9d669efd6b61","Sausage, breakfast sausage, beef, pre-cooked, unprepared","sausage breakfast sausage beef pre-cooked unprepared","Sausages and Luncheon Meats","100.00","g","338.33","746779","USDA","True","","2026-01-07T15:52:44.654691","2026-01-07T15:52:44.654691"
"125c240a-00fd-4676-840c-bf525703c294","Sausage, Italian, pork, mild, cooked, pan-fried","sausage italian pork mild cooked pan-fried","Sausages and Luncheon Meats","100.00","g","320.33","746780","USDA","True","","2026-01-07T15:52:44.654691","2026-01-07T15:52:44.654691"
"b0d8b61e-3aad-485c-ba8f-28786e6a19d0","Sausage, pork, chorizo, link or ground, cooked, pan-fried","sausage pork chorizo link or ground cooked pan-fried","Sausages and Luncheon Meats","100.00","g","346.00","746781","USDA","True","","2026-01-07T15:52:44.654691","2026-01-07T15:52:44.654691"
"9bac4e21-10bd-4631-aa1b-9715d55862e3","Milk, whole, 3.25% milkfat, with added vitamin D","milk whole 325% milkfat with added vitamin d","Dairy and Egg Products","100.00","g","60.33","746782","USDA","True","","2026-01-07T15:52:44.654691","2026-01-07T15:52:44.654691"
"b6bf9cb1-9081-4aaa-b307-26af4aa74288","Sausage, turkey, breakfast links, mild, raw","sausage turkey breakfast links mild raw","Sausages and Luncheon Meats","100.00","g","167.33","746783","USDA","True","","2026-01-07T15:52:44.654691","2026-01-07T15:52:44.654691"
"9fe70205-0c36-428c-bbb6-0f75ba95fa54","Sugars, granulated","sugars granulated","Sweets","100.00","g","390.33","746784","USDA","True","","2026-01-07T15:52:44.654691","2026-01-07T15:52:44.654691"
"636839c6-dd69-4811-8921-f481eb2d0eb6","Turkey, ground, 93% lean, 7% fat, pan-broiled crumbles","turkey ground 93% lean 7% fat pan-broiled crumbles","Poultry Products","100.00","g","217.67","746785","USDA","True","","2026-01-07T15:52:44.654691","2026-01-07T15:52:44.654691"
"1e731c59-dd1b-4ca9-bc8c-4f92a2df53f1","Ham, sliced, restaurant","ham sliced restaurant","Pork Products","100.00","g","122.67","746952","USDA","True","","2026-01-07T15:52:44.654691","2026-01-07T15:52:44.654691"
"6ed45916-4735-41d7-8dbe-bd384969710c","Cheese, American, restaurant","cheese american restaurant","Dairy and Egg Products","100.00","g","374.33","747429","USDA","True","","2026-01-07T15:52:44.654691","2026-01-07T15:52:44.654691"
"e563c210-b5de-4625-98d8-57e3c721fedc","Broccoli, raw","broccoli raw","Vegetables and Vegetable Products","100.00","g","34.00","747447","USDA","True","","2026-01-07T15:52:44.654691","2026-01-07T15:52:44.654691"
"4a4a5438-ea6f-4064-86e9-408f912b9f00","Ketchup, restaurant","ketchup restaurant","Vegetables and Vegetable Products","100.00","g","112.33","747693","USDA","True","","2026-01-07T15:52:44.654691","2026-01-07T15:52:44.654691"
"69dfe774-9469-462a-b15a-79907add37f6","Eggs, Grade A, Large, egg white","eggs grade a large egg white","Dairy and Egg Products","100.00","g","54.00","747997","USDA","True","","2026-01-07T15:52:44.654691","2026-01-07T15:52:44.654691"
"ce9546ff-67fb-4f6f-9047-a0d414a504fc","Eggs, Grade A, Large, egg yolk","eggs grade a large egg yolk","Dairy and Egg Products","100.00","g","332.00","748236","USDA","True","","2026-01-07T15:52:44.654691","2026-01-07T15:52:44.654691"
"9027c1e8-ab4b-4d07-8c5b-382eb4f7856b","Eggs, Grade A, Large, egg whole","eggs grade a large egg whole","Dairy and Egg Products","100.00","g","146.00","748967","USDA","True","","2026-01-07T15:52:44.654691","2026-01-07T15:52:44.654691"
"543a3890-ca05-452a-a1fb-ef0a689495af","Pork, cured, bacon, cooked, restaurant","pork cured bacon cooked restaurant","Pork Products","100.00","g","504.33","749420","USDA","True","","2026-01-07T15:52:44.654691","2026-01-07T15:52:44.654691"
"138a4c11-dafc-441b-80e1-8459ccb6e23b","Flour, wheat, all-purpose, enriched, bleached","flour wheat all-purpose enriched bleached","Cereal Grains and Pasta","100.00","g","369.00","789890","USDA","True","","2026-01-07T15:52:44.654691","2026-01-07T15:52:44.654691"
"8e1ac495-45e6-4426-8240-8c9b309e90d7","Flour, wheat, all-purpose, enriched, unbleached","flour wheat all-purpose enriched unbleached","Cereal Grains and Pasta","100.00","g","361.33","789951","USDA","True","","2026-01-07T15:52:44.654691","2026-01-07T15:52:44.654691"
"cb21778c-f8dc-4c3b-8d8e-f7b51449e03b","Flour, wheat, all-purpose, unenriched, unbleached","flour wheat all-purpose unenriched unbleached","Cereal Grains and Pasta","100.00","g","364.67","790018","USDA","True","","2026-01-07T15:52:44.654691","2026-01-07T15:52:44.654691"
"d6338d2a-a1eb-4262-9e50-59b15f1a7241","Flour, whole wheat, unenriched","flour whole wheat unenriched","Cereal Grains and Pasta","100.00","g","362.00","790085","USDA","True","","2026-01-07T15:52:44.654691","2026-01-07T15:52:44.654691"
"672a9a0b-f2cc-4dc9-9380-292eeb6ade93","Flour, bread, white, enriched, unbleached","flour bread white enriched unbleached","Cereal Grains and Pasta","100.00","g","366.00","790146","USDA","True","","2026-01-07T15:52:44.654691","2026-01-07T15:52:44.654691"
"74582fc0-0910-43d8-bf87-a041d3367b95","Flour, rice, white, unenriched","flour rice white unenriched","Cereal Grains and Pasta","100.00","g","362.33","790214","USDA","True","","2026-01-07T15:52:44.654691","2026-01-07T15:52:44.654691"
"b4b3b6be-a7e1-4aa7-afc9-3001c926f028","Flour, corn, yellow, fine meal, enriched","flour corn yellow fine meal enriched","Cereal Grains and Pasta","100.00","g","366.67","790276","USDA","True","","2026-01-07T15:52:44.654691","2026-01-07T15:52:44.654691"
"b25eeae3-bc42-4266-9d3c-d197b2739622","Onions, red, raw","onions red raw","Vegetables and Vegetable Products","100.00","g","43.33","790577","USDA","True","","2026-01-07T15:52:44.654691","2026-01-07T15:52:44.654691"
"b07b80b8-e0b2-438f-81d9-6de097071b97","Onions, yellow, raw","onions yellow raw","Vegetables and Vegetable Products","100.00","g","37.33","790646","USDA","True","","2026-01-07T15:52:44.654691","2026-01-07T15:52:44.654691"
"5eae3eeb-4cde-48b8-89b5-34bab773e713","Garlic, raw","garlic raw","Vegetables and Vegetable Products","100.00","g","138.67","1104647","USDA","True","","2026-01-07T15:52:44.654691","2026-01-07T15:52:44.654691"
"6b550730-716d-40f1-af62-b78e5b961047","Flour, soy, defatted","flour soy defatted","Legumes and Legume Products","100.00","g","357.00","1104705","USDA","True","","2026-01-07T15:52:44.654691","2026-01-07T15:52:44.654691"
"a07fe433-b9e5-4061-b499-7cfee9fd82a5","Flour, soy, full-fat","flour soy full-fat","Legumes and Legume Products","100.00","g","441.67","1104766","USDA","True","","2026-01-07T15:52:44.654691","2026-01-07T15:52:44.654691"
"09b97612-9ca8-4f23-9f1d-b48df7383801","Flour, rice, brown","flour rice brown","Cereal Grains and Pasta","100.00","g","366.08","1104812","USDA","True","","2026-01-07T15:52:44.654691","2026-01-07T15:52:44.654691"
"87184f8d-bd73-4f70-868c-96c4332848cf","Flour, rice, glutinous","flour rice glutinous","Cereal Grains and Pasta","100.00","g","361.33","1104867","USDA","True","","2026-01-07T15:52:44.654691","2026-01-07T15:52:44.654691"
"a4afb246-30e4-4fe1-9412-971042441f13","Flour, pastry, unenriched, unbleached","flour pastry unenriched unbleached","Cereal Grains and Pasta","100.00","g","361.33","1104913","USDA","True","","2026-01-07T15:52:44.654691","2026-01-07T15:52:44.654691"
"1bc6ec11-61d3-47df-a40b-dbcf74f0e521","Onions, white, raw","onions white raw","Vegetables and Vegetable Products","100.00","g","34.67","1104962","USDA","True","","2026-01-07T15:52:44.654691","2026-01-07T15:52:44.654691"
"9ae22ae1-c839-4489-a4f6-90a7407fd081","Bananas, overripe, raw","bananas overripe raw","Fruits and Fruit Juices","100.00","g","82.33","1105073","USDA","True","","2026-01-07T15:52:44.654691","2026-01-07T15:52:44.654691"
"245837a8-b850-496d-ade6-768469ddf006","Bananas, ripe and slightly ripe, raw","bananas ripe and slightly ripe raw","Fruits and Fruit Juices","100.00","g","94.33","1105314","USDA","True","","2026-01-07T15:52:44.654691","2026-01-07T15:52:44.654691"
"560953d3-fec2-4238-858f-e219f9568f38","Apples, red delicious, with skin, raw","apples red delicious with skin raw","Fruits and Fruit Juices","100.00","g","58.71","1750339","USDA","True","","2026-01-07T15:52:44.654691","2026-01-07T15:52:44.654691"
"5152707a-6484-4234-8281-515c74b69992","Apples, fuji, with skin, raw","apples fuji with skin raw","Fruits and Fruit Juices","100.00","g","61.43","1750340","USDA","True","","2026-01-07T15:52:44.654691","2026-01-07T15:52:44.654691"
"630aade9-141e-4fe3-8c0f-95eae73b2131","Apples, gala, with skin, raw","apples gala with skin raw","Fruits and Fruit Juices","100.00","g","57.91","1750341","USDA","True","","2026-01-07T15:52:44.654691","2026-01-07T15:52:44.654691"
"93defb23-0d54-4893-9282-08cce137e042","Apples, granny smith, with skin, raw","apples granny smith with skin raw","Fruits and Fruit Juices","100.00","g","55.91","1750342","USDA","True","","2026-01-07T15:52:44.654691","2026-01-07T15:52:44.654691"
"1d3e4116-9d10-412e-a561-b9a8c0e03fac","Apples, honeycrisp, with skin, raw","apples honeycrisp with skin raw","Fruits and Fruit Juices","100.00","g","57.03","1750343","USDA","True","","2026-01-07T15:52:44.654691","2026-01-07T15:52:44.654691"
"bd7388a6-9b00-473c-85b3-0da0ac55acdf","Mushroom, lion's mane","mushroom lions mane","Vegetables and Vegetable Products","100.00","g","38.89","1999626","USDA","True","","2026-01-07T15:52:44.654691","2026-01-07T15:52:44.654691"
"29cb1afe-4f17-4e4d-aaff-bce5a8c6d12e","Mushroom, oyster","mushroom oyster","Vegetables and Vegetable Products","100.00","g","37.18","1999627","USDA","True","","2026-01-07T15:52:44.654691","2026-01-07T15:52:44.654691"
"eadf58ca-fd14-4e09-9b03-3ad174445951","Mushrooms, shiitake","mushrooms shiitake","Vegetables and Vegetable Products","100.00","g","40.24","1999628","USDA","True","","2026-01-07T15:52:44.654691","2026-01-07T15:52:44.654691"
"dbf82f65-1f47-4ca8-95ce-8c0a8fdbf600","Mushrooms, white button","mushrooms white button","Vegetables and Vegetable Products","100.00","g","28.05","1999629","USDA","True","","2026-01-07T15:52:44.654691","2026-01-07T15:52:44.654691"
"378a52d9-f5b9-489a-9538-7ba9b9c6160a","Soy milk, unsweetened, plain, shelf stable","soy milk unsweetened plain shelf stable","Legumes and Legume Products","100.00","g","38.48","1999630","USDA","True","","2026-01-07T15:52:44.654691","2026-01-07T15:52:44.654691"
"4d9f0053-fac3-4352-9c2b-074cd5d15923","Almond milk, unsweetened, plain, shelf stable","almond milk unsweetened plain shelf stable","Beverages","100.00","g","14.56","1999631","USDA","True","","2026-01-07T15:52:44.654691","2026-01-07T15:52:44.654691"
"bb51a73d-42ae-41f8-b84f-0a3d88835f2f","Spinach, baby","spinach baby","Vegetables and Vegetable Products","100.00","g","23.67","1999632","USDA","True","","2026-01-07T15:52:44.654691","2026-01-07T15:52:44.654691"
"46f22268-bd5b-4e56-84b4-cef6e2f3ab95","Spinach, mature","spinach mature","Vegetables and Vegetable Products","100.00","g","24.60","1999633","USDA","True","","2026-01-07T15:52:44.654691","2026-01-07T15:52:44.654691"
"e2eda469-43c5-445e-bcf3-c4aaa60b040f","Tomato, roma","tomato roma","Vegetables and Vegetable Products","100.00","g","20.46","1999634","USDA","True","","2026-01-07T15:52:44.654691","2026-01-07T15:52:44.654691"
"79e6d05c-e2c1-48e1-a41d-859312e5a50e","Flour, 00","flour 00","Cereal Grains and Pasta","100.00","g","361.34","2003586","USDA","True","","2026-01-07T15:52:44.654691","2026-01-07T15:52:44.654691"
"f9d9e664-c360-48f1-82dd-163ab1da4ae6","Flour, spelt, whole grain","flour spelt whole grain","Cereal Grains and Pasta","100.00","g","352.13","2003587","USDA","True","","2026-01-07T15:52:44.654691","2026-01-07T15:52:44.654691"
"635dfe5b-3b77-4718-9082-ff77c08e947e","Flour, semolina, coarse and semi-coarse","flour semolina coarse and semi-coarse","Cereal Grains and Pasta","100.00","g","360.81","2003588","USDA","True","","2026-01-07T15:52:44.654691","2026-01-07T15:52:44.654691"
"412ce3fe-599b-4ca6-bfd6-b519ae8d8dd9","Flour, semolina, fine","flour semolina fine","Cereal Grains and Pasta","100.00","g","361.88","2003589","USDA","True","","2026-01-07T15:52:44.654691","2026-01-07T15:52:44.654691"
"f413c36f-2088-4576-b201-f4932a2d9985","Apple juice, with added vitamin C, from concentrate, shelf stable","apple juice with added vitamin c from concentrate shelf stable","Fruits and Fruit Juices","100.00","g","47.80","2003590","USDA","True","","2026-01-07T15:52:44.654691","2026-01-07T15:52:44.654691"
"fbdb2aec-be3f-432f-b647-1261800ca9f0","Orange juice, no pulp, not fortified, from concentrate, refrigerated","orange juice no pulp not fortified from concentrate refrigerated","Fruits and Fruit Juices","100.00","g","46.47","2003591","USDA","True","","2026-01-07T15:52:44.654691","2026-01-07T15:52:44.654691"
"657ddaa8-d575-487f-ae63-23b25f609ae6","Grape juice, purple, with added vitamin C, from concentrate, shelf stable","grape juice purple with added vitamin c from concentrate shelf stable","Fruits and Fruit Juices","100.00","g","65.31","2003592","USDA","True","","2026-01-07T15:52:44.654691","2026-01-07T15:52:44.654691"
"31772be1-b115-43d0-9830-ae4fc8fffb65","Grape juice, white, with added vitamin C, from concentrate, shelf stable","grape juice white with added vitamin c from concentrate shelf stable","Fruits and Fruit Juices","100.00","g","65.39","2003593","USDA","True","","2026-01-07T15:52:44.654691","2026-01-07T15:52:44.654691"
"fd057bbf-7391-4a6b-b432-8571f0f2874a","Cranberry juice, not fortified, from concentrate, shelf stable","cranberry juice not fortified from concentrate shelf stable","Fruits and Fruit Juices","100.00","g","31.70","2003594","USDA","True","","2026-01-07T15:52:44.654691","2026-01-07T15:52:44.654691"
"9bda00ec-13cd-4ce7-9adc-f476d15fcc2c","Grapefruit juice, red, not fortified, not from concentrate, refrigerated","grapefruit juice red not fortified not from concentrate refrigerated","Fruits and Fruit Juices","100.00","g","40.46","2003595","USDA","True","","2026-01-07T15:52:44.654691","2026-01-07T15:52:44.654691"
"65a78d33-4a41-4429-8622-6e958b96f339","Tomato juice, with added ingredients, from concentrate, shelf stable","tomato juice with added ingredients from concentrate shelf stable","Vegetables and Vegetable Products","100.00","g","21.62","2003596","USDA","True","","2026-01-07T15:52:44.654691","2026-01-07T15:52:44.654691"
"ccad2985-25ad-4c79-ac55-18f3060d5d87","Orange juice, no pulp, not fortified, not from concentrate, refrigerated","orange juice no pulp not fortified not from concentrate refrigerated","Fruits and Fruit Juices","100.00","g","45.73","2003597","USDA","True","","2026-01-07T15:52:44.654691","2026-01-07T15:52:44.654691"
"c90f9de0-adbc-4c49-a3d7-c771a331305e","Mushroom, portabella","mushroom portabella","Vegetables and Vegetable Products","100.00","g","29.23","2003598","USDA","True","","2026-01-07T15:52:44.654691","2026-01-07T15:52:44.654691"
"6d43dd9f-c9cd-46b8-93ba-9c787d700740","Mushroom, king oyster","mushroom king oyster","Vegetables and Vegetable Products","100.00","g","42.43","2003599","USDA","True","","2026-01-07T15:52:44.654691","2026-01-07T15:52:44.654691"
"367a1cb6-7af3-40b0-bf88-42e485f0cd10","Mushroom, enoki","mushroom enoki","Vegetables and Vegetable Products","100.00","g","40.58","2003600","USDA","True","","2026-01-07T15:52:44.654691","2026-01-07T15:52:44.654691"
"84f26fb5-87f1-4f3d-884e-e46b49d5b368","Mushroom, crimini","mushroom crimini","Vegetables and Vegetable Products","100.00","g","26.96","2003601","USDA","True","","2026-01-07T15:52:44.654691","2026-01-07T15:52:44.654691"
"a484f669-6646-4a18-916a-ea8ac4151d6d","Mushroom, maitake","mushroom maitake","Vegetables and Vegetable Products","100.00","g","34.29","2003602","USDA","True","","2026-01-07T15:52:44.654691","2026-01-07T15:52:44.654691"
"2b10911b-39ea-406b-843e-9c554f71ede7","Mushroom, beech","mushroom beech","Vegetables and Vegetable Products","100.00","g","36.40","2003603","USDA","True","","2026-01-07T15:52:44.654691","2026-01-07T15:52:44.654691"
"be2e7b6b-8187-45c4-b0c8-7fc906b6579e","Mushroom, pioppini","mushroom pioppini","Vegetables and Vegetable Products","100.00","g","35.23","2003604","USDA","True","","2026-01-07T15:52:44.654691","2026-01-07T15:52:44.654691"
"58899939-f6ef-4e7e-8574-1eae4680a64d","Soy milk, sweetened, plain, refrigerated","soy milk sweetened plain refrigerated","Legumes and Legume Products","100.00","g","40.70","2257044","USDA","True","","2026-01-07T15:52:44.654691","2026-01-07T15:52:44.654691"
"6c61acaa-c1ef-48ef-a0eb-a72016ac5978","Almond milk, unsweetened, plain, refrigerated","almond milk unsweetened plain refrigerated","Beverages","100.00","g","19.33","2257045","USDA","True","","2026-01-07T15:52:44.654691","2026-01-07T15:52:44.654691"
"c7f6bdc1-b902-425a-901e-6d80273b2013","Oat milk, unsweetened, plain, refrigerated","oat milk unsweetened plain refrigerated","Beverages","100.00","g","48.33","2257046","USDA","True","","2026-01-07T15:52:44.654691","2026-01-07T15:52:44.654691"
"af0204e7-d297-4d91-a182-bb3891f9d68b","Carrots, mature, raw","carrots mature raw","Vegetables and Vegetable Products","100.00","g","46.48","2258586","USDA","True","","2026-01-07T15:52:44.654691","2026-01-07T15:52:44.654691"
"25a36971-1734-4242-b1c6-ba29bbc8a1f3","Carrots, baby, raw","carrots baby raw","Vegetables and Vegetable Products","100.00","g","39.51","2258587","USDA","True","","2026-01-07T15:52:44.654691","2026-01-07T15:52:44.654691"
"3fdc315f-bcff-4bd8-b946-96583c942561","Peppers, bell, green, raw","peppers bell green raw","Vegetables and Vegetable Products","100.00","g","21.31","2258588","USDA","True","","2026-01-07T15:52:44.654691","2026-01-07T15:52:44.654691"
"4a48112a-3277-40c5-9634-3ef954418561","Peppers, bell, yellow, raw","peppers bell yellow raw","Vegetables and Vegetable Products","100.00","g","28.68","2258589","USDA","True","","2026-01-07T15:52:44.654691","2026-01-07T15:52:44.654691"
"92e9b039-c131-488b-86c8-25f13747ac06","Peppers, bell, red, raw","peppers bell red raw","Vegetables and Vegetable Products","100.00","g","29.16","2258590","USDA","True","","2026-01-07T15:52:44.654691","2026-01-07T15:52:44.654691"
"8a8da642-5e37-4658-a7e4-34724ea75de8","Peppers, bell, orange, raw","peppers bell orange raw","Vegetables and Vegetable Products","100.00","g","29.56","2258591","USDA","True","","2026-01-07T15:52:44.654691","2026-01-07T15:52:44.654691"
"1b98ad5f-29fe-4520-95db-abd1e06ba393","Buttermilk, low fat","buttermilk low fat","Dairy and Egg Products","100.00","g","42.88","2259792","USDA","True","","2026-01-07T15:52:44.654691","2026-01-07T15:52:44.654691"
"42f361d7-6f7b-4dc7-b30b-32c53f2ba54f","Yogurt, plain, whole milk","yogurt plain whole milk","Dairy and Egg Products","100.00","g","77.64","2259793","USDA","True","","2026-01-07T15:52:44.654691","2026-01-07T15:52:44.654691"
"20dd8ce5-3d2e-42e5-9040-fbcfe2893662","Yogurt, Greek, plain, whole milk","yogurt greek plain whole milk","Dairy and Egg Products","100.00","g","94.09","2259794","USDA","True","","2026-01-07T15:52:44.654691","2026-01-07T15:52:44.654691"
"0be1ab58-c37d-4fac-9ba1-eabb882f5ecd","Cheese, parmesan, grated, refrigerated","cheese parmesan grated refrigerated","Dairy and Egg Products","100.00","g","404.07","2259795","USDA","True","","2026-01-07T15:52:44.654691","2026-01-07T15:52:44.654691"
"4bb242b6-4c1e-43af-b78e-9fba07e67b42","Cheese, feta, whole milk, crumbled","cheese feta whole milk crumbled","Dairy and Egg Products","100.00","g","273.18","2259796","USDA","True","","2026-01-07T15:52:44.654691","2026-01-07T15:52:44.654691"
"56ec85ee-69bc-4e55-9fda-9354a444ac33","Flour, almond","flour almond","Nut and Seed Products","100.00","g","599.83","2261420","USDA","True","","2026-01-07T15:52:44.654691","2026-01-07T15:52:44.654691"
"ec712d3d-389f-446d-b6b3-ffe011f1681c","Flour, oat, whole grain","flour oat whole grain","Cereal Grains and Pasta","100.00","g","387.78","2261421","USDA","True","","2026-01-07T15:52:44.654691","2026-01-07T15:52:44.654691"
"2202b7fc-680d-460f-ba4a-1109a8b3f502","Flour, potato","flour potato","Vegetables and Vegetable Products","100.00","g","356.73","2261422","USDA","True","","2026-01-07T15:52:44.654691","2026-01-07T15:52:44.654691"
"bb7c34ff-00a5-40a3-ac2c-543ec6866c02","Peanut butter, creamy","peanut butter creamy","Legumes and Legume Products","100.00","g","610.52","2262072","USDA","True","","2026-01-07T15:52:44.654691","2026-01-07T15:52:44.654691"
"f013f8c4-7a58-44f6-9ee5-2769d517944d","Sesame butter, creamy","sesame butter creamy","Nut and Seed Products","100.00","g","672.76","2262073","USDA","True","","2026-01-07T15:52:44.654691","2026-01-07T15:52:44.654691"
"f6240d36-f5e7-42f6-ae50-4032a815d417","Almond butter, creamy","almond butter creamy","Nut and Seed Products","100.00","g","623.98","2262074","USDA","True","","2026-01-07T15:52:44.654691","2026-01-07T15:52:44.654691"
"0030f85a-481f-4f69-9d9c-f1e18ba67ced","Flaxseed, ground","flaxseed ground","Nut and Seed Products","100.00","g","529.76","2262075","USDA","True","","2026-01-07T15:52:44.654691","2026-01-07T15:52:44.654691"
"96f42964-7e83-4f16-a51f-51711401a39a","Cottage cheese, full fat, large or small curd","cottage cheese full fat large or small curd","Dairy and Egg Products","100.00","g","103.75","2346384","USDA","True","","2026-01-07T15:52:44.654691","2026-01-07T15:52:44.654691"
"09901cf1-f7e7-41b3-967e-bc42c68d994b","Cream cheese, full fat, block","cream cheese full fat block","Dairy and Egg Products","100.00","g","339.76","2346385","USDA","True","","2026-01-07T15:52:44.654691","2026-01-07T15:52:44.654691"
"b8275422-e7b3-462a-824f-34033391dc43","Cream, heavy","cream heavy","Dairy and Egg Products","100.00","g","339.60","2346386","USDA","True","","2026-01-07T15:52:44.654691","2026-01-07T15:52:44.654691"
"56af312b-7c50-4ffc-9332-d8300f562ac5","Cream, sour, full fat","cream sour full fat","Dairy and Egg Products","100.00","g","194.58","2346387","USDA","True","","2026-01-07T15:52:44.654691","2026-01-07T15:52:44.654691"
"2b9f78c3-4b92-4ec2-99df-646b0bcf8698","Lettuce, iceberg, raw","lettuce iceberg raw","Vegetables and Vegetable Products","100.00","g","15.78","2346388","USDA","True","","2026-01-07T15:52:44.654691","2026-01-07T15:52:44.654691"
"9eb311a5-8bce-45b6-8c49-9f83272dcaae","Lettuce, romaine, green, raw","lettuce romaine green raw","Vegetables and Vegetable Products","100.00","g","19.11","2346389","USDA","True","","2026-01-07T15:52:44.654691","2026-01-07T15:52:44.654691"
"eac06fbf-e9e3-477a-8f49-41d46c00c573","Lettuce, leaf, red, raw","lettuce leaf red raw","Vegetables and Vegetable Products","100.00","g","16.11","2346390","USDA","True","","2026-01-07T15:52:44.654691","2026-01-07T15:52:44.654691"
"8fc3e8e7-bfe6-4086-bf48-1a301798fa2e","Lettuce, leaf, green, raw","lettuce leaf green raw","Vegetables and Vegetable Products","100.00","g","20.27","2346391","USDA","True","","2026-01-07T15:52:44.654691","2026-01-07T15:52:44.654691"
"a22361a4-7e9b-4b02-8158-5260b29c1f65","Nuts, pine nuts, raw","nuts pine nuts raw","Nut and Seed Products","100.00","g","665.80","2346392","USDA","True","","2026-01-07T15:52:44.654691","2026-01-07T15:52:44.654691"
"0bf95672-3ad1-4126-9b9f-721271e3eecc","Nuts, almonds, whole, raw","nuts almonds whole raw","Nut and Seed Products","100.00","g","604.67","2346393","USDA","True","","2026-01-07T15:52:44.654691","2026-01-07T15:52:44.654691"
"51d08b18-b2b3-4b20-af9b-ddda1322e21b","Nuts, walnuts, English, halves, raw","nuts walnuts english halves raw","Nut and Seed Products","100.00","g","704.11","2346394","USDA","True","","2026-01-07T15:52:44.654691","2026-01-07T15:52:44.654691"
"132d1e5c-4df9-45cc-8f63-6f42ed0d30a4","Nuts, pecans, halves, raw","nuts pecans halves raw","Nut and Seed Products","100.00","g","724.87","2346395","USDA","True","","2026-01-07T15:52:44.654691","2026-01-07T15:52:44.654691"
"1f427bc2-c910-4f7f-8873-e905b64d5721","Oats, whole grain, rolled, old fashioned","oats whole grain rolled old fashioned","Cereal Grains and Pasta","100.00","g","380.25","2346396","USDA","True","","2026-01-07T15:52:44.654691","2026-01-07T15:52:44.654691"
"dc0d2c28-3cb9-45a0-a144-7df0e8cd5dc1","Oats, whole grain, steel cut","oats whole grain steel cut","Cereal Grains and Pasta","100.00","g","380.23","2346397","USDA","True","","2026-01-07T15:52:44.654691","2026-01-07T15:52:44.654691"
"ffad5f21-1d59-486f-ad66-9e363d37adde","Pineapple, raw","pineapple raw","Fruits and Fruit Juices","100.00","g","57.08","2346398","USDA","True","","2026-01-07T15:52:44.654691","2026-01-07T15:52:44.654691"
"f1fc2ea2-440a-4259-9156-ddf437c80708","Cherries, sweet, dark red, raw","cherries sweet dark red raw","Fruits and Fruit Juices","100.00","g","66.92","2346399","USDA","True","","2026-01-07T15:52:44.654691","2026-01-07T15:52:44.654691"
"d63c92c8-f2de-4ab5-97cb-c804426b1cc8","Beans, snap, green, raw","beans snap green raw","Vegetables and Vegetable Products","100.00","g","36.78","2346400","USDA","True","","2026-01-07T15:52:44.654691","2026-01-07T15:52:44.654691"
"90b77935-0920-4e19-bc48-ceca5bae06b8","Potatoes, russet, without skin, raw","potatoes russet without skin raw","Vegetables and Vegetable Products","100.00","g","82.19","2346401","USDA","True","","2026-01-07T15:52:44.654691","2026-01-07T15:52:44.654691"
"76019deb-5e5f-47dc-b897-8bb919b79b62","Potatoes, red, without skin, raw","potatoes red without skin raw","Vegetables and Vegetable Products","100.00","g","74.47","2346402","USDA","True","","2026-01-07T15:52:44.654691","2026-01-07T15:52:44.654691"
"60cf8ea3-eabd-4fdf-a379-d20423650d76","Potatoes, gold, without skin, raw","potatoes gold without skin raw","Vegetables and Vegetable Products","100.00","g","72.52","2346403","USDA","True","","2026-01-07T15:52:44.654691","2026-01-07T15:52:44.654691"
"b5eb0424-9d95-4a65-86a8-5b67799e4ced","Sweet potatoes, orange flesh, without skin, raw","sweet potatoes orange flesh without skin raw","Vegetables and Vegetable Products","100.00","g","78.18","2346404","USDA","True","","2026-01-07T15:52:44.654691","2026-01-07T15:52:44.654691"
"7aedbcfb-c571-4697-a798-44fb1ff0c2fc","Celery, raw","celery raw","Vegetables and Vegetable Products","100.00","g","15.76","2346405","USDA","True","","2026-01-07T15:52:44.654691","2026-01-07T15:52:44.654691"
"38030470-4420-4dce-a60b-79c4ee17de14","Cucumber, with peel, raw","cucumber with peel raw","Vegetables and Vegetable Products","100.00","g","14.92","2346406","USDA","True","","2026-01-07T15:52:44.654691","2026-01-07T15:52:44.654691"
"120606fd-55bb-4d24-bc9e-29383924e81c","Cabbage, green, raw","cabbage green raw","Vegetables and Vegetable Products","100.00","g","29.65","2346407","USDA","True","","2026-01-07T15:52:44.654691","2026-01-07T15:52:44.654691"
"38adb18a-b81b-4ab2-b092-e2d6eb85b4e2","Cabbage, red, raw","cabbage red raw","Vegetables and Vegetable Products","100.00","g","32.00","2346408","USDA","True","","2026-01-07T15:52:44.654691","2026-01-07T15:52:44.654691"
"e352c70e-6230-45ff-8ca0-8519bfe0ae7d","Strawberries, raw","strawberries raw","Fruits and Fruit Juices","100.00","g","34.53","2346409","USDA","True","","2026-01-07T15:52:44.654691","2026-01-07T15:52:44.654691"
"6259ec22-e5be-4d13-be3f-0a7c0b677842","Raspberries, raw","raspberries raw","Fruits and Fruit Juices","100.00","g","54.37","2346410","USDA","True","","2026-01-07T15:52:44.654691","2026-01-07T15:52:44.654691"
"9dbc6627-b3b6-4984-a347-051577bd450b","Blueberries, raw","blueberries raw","Fruits and Fruit Juices","100.00","g","60.62","2346411","USDA","True","","2026-01-07T15:52:44.654691","2026-01-07T15:52:44.654691"
"3c15de66-cef9-4cdf-b333-d1ae9e33e261","Grapes, red, seedless, raw","grapes red seedless raw","Fruits and Fruit Juices","100.00","g","81.54","2346412","USDA","True","","2026-01-07T15:52:44.654691","2026-01-07T15:52:44.654691"
"f4670419-5fcf-4ff4-9853-970a1ded6bf7","Grapes, green, seedless, raw","grapes green seedless raw","Fruits and Fruit Juices","100.00","g","76.02","2346413","USDA","True","","2026-01-07T15:52:44.654691","2026-01-07T15:52:44.654691"
"325d500e-b1a7-4ffa-b501-e897a33039fe","Applesauce, unsweetened, with added vitamin C","applesauce unsweetened with added vitamin c","Fruits and Fruit Juices","100.00","g","49.01","2346414","USDA","True","","2026-01-07T15:52:44.654691","2026-01-07T15:52:44.654691"
"b23167c8-8f1a-4778-8eac-baed8b95232b","Flour, amaranth","flour amaranth","Cereal Grains and Pasta","100.00","g","381.02","2512371","USDA","True","","2026-01-07T15:52:44.654691","2026-01-07T15:52:44.654691"
"12ecdfdd-8804-4f95-abf7-4d8f6b2429c3","Flour, quinoa","flour quinoa","Cereal Grains and Pasta","100.00","g","381.80","2512372","USDA","True","","2026-01-07T15:52:44.654691","2026-01-07T15:52:44.654691"
"7e49df6d-3ed6-439f-8f4d-fd3c99cf91fd","Flour, sorghum","flour sorghum","Cereal Grains and Pasta","100.00","g","369.39","2512373","USDA","True","","2026-01-07T15:52:44.654691","2026-01-07T15:52:44.654691"
"220b89fc-a3a5-4c89-a59a-2476c7aabede","Flour, buckwheat","flour buckwheat","Cereal Grains and Pasta","100.00","g","346.13","2512374","USDA","True","","2026-01-07T15:52:44.654691","2026-01-07T15:52:44.654691"
"457b7f93-99d4-4ff6-81fb-077abad99728","Flour, rye","flour rye","Cereal Grains and Pasta","100.00","g","355.18","2512375","USDA","True","","2026-01-07T15:52:44.654691","2026-01-07T15:52:44.654691"
"c78ae551-f08d-4e5f-9b70-7449428bfe2c","Flour, barley","flour barley","Cereal Grains and Pasta","100.00","g","361.86","2512376","USDA","True","","2026-01-07T15:52:44.654691","2026-01-07T15:52:44.654691"
"ccdf99fb-b926-44df-a9d3-9e453c443276","Flour, cassava","flour cassava","Vegetables and Vegetable Products","100.00","g","357.96","2512377","USDA","True","","2026-01-07T15:52:44.654691","2026-01-07T15:52:44.654691"
"d6149b7c-7896-46aa-94d1-c813acd6d733","Buckwheat, whole grain","buckwheat whole grain","Cereal Grains and Pasta","100.00","g","343.87","2512378","USDA","True","","2026-01-07T15:52:44.654691","2026-01-07T15:52:44.654691"
"61d02905-6b22-42b7-a51f-7a82a7843bfe","Millet, whole grain","millet whole grain","Cereal Grains and Pasta","100.00","g","378.11","2512379","USDA","True","","2026-01-07T15:52:44.654691","2026-01-07T15:52:44.654691"
"f4a6fe82-2531-4b8e-884b-0bc10dcb356c","Rice, brown, long grain, unenriched, raw","rice brown long grain unenriched raw","Cereal Grains and Pasta","100.00","g","366.94","2512380","USDA","True","","2026-01-07T15:52:44.654691","2026-01-07T15:52:44.654691"
"cb031530-c34b-40ae-931d-f3ba2e3bcee1","Rice, white, long grain, unenriched, raw","rice white long grain unenriched raw","Cereal Grains and Pasta","100.00","g","364.17","2512381","USDA","True","","2026-01-07T15:52:44.654691","2026-01-07T15:52:44.654691"
"3f84b34b-6422-4458-86fa-741f2e72a97f","Beef, ground, 90% lean meat / 10% fat, raw","beef ground 90% lean meat / 10% fat raw","Beef Products","100.00","g","187.50","2514743","USDA","True","","2026-01-07T15:52:44.654691","2026-01-07T15:52:44.654691"
"5a4af5e1-814a-41b1-aad9-516385ffcbbb","Beef, ground, 80% lean meat / 20% fat, raw","beef ground 80% lean meat / 20% fat raw","Beef Products","100.00","g","245.21","2514744","USDA","True","","2026-01-07T15:52:44.654691","2026-01-07T15:52:44.654691"
"c6ed8f37-1fc1-418c-8ce3-242d87b60122","Pork, ground, raw","pork ground raw","Pork Products","100.00","g","230.86","2514745","USDA","True","","2026-01-07T15:52:44.654691","2026-01-07T15:52:44.654691"
"720a1dcb-8623-4a3e-8172-ebf036ca66b4","Chicken, ground, with additives, raw","chicken ground with additives raw","Poultry Products","100.00","g","135.59","2514746","USDA","True","","2026-01-07T15:52:44.654691","2026-01-07T15:52:44.654691"
"d82cb1ae-e9ba-4797-8d86-984fea1394cc","Turkey, ground, 93% lean/ 7% fat, raw","turkey ground 93% lean/ 7% fat raw","Poultry Products","100.00","g","155.10","2514747","USDA","True","","2026-01-07T15:52:44.654691","2026-01-07T15:52:44.654691"
"ebce9aa0-f126-4362-bbab-600063ac67d9","Nuts, brazilnuts, raw","nuts brazilnuts raw","Nut and Seed Products","100.00","g","642.27","2515373","USDA","True","","2026-01-07T15:52:44.654691","2026-01-07T15:52:44.654691"
"cd7dac26-320c-4db5-bbc3-be1bee2688a4","Nuts, cashew nuts, raw","nuts cashew nuts raw","Nut and Seed Products","100.00","g","549.07","2515374","USDA","True","","2026-01-07T15:52:44.654691","2026-01-07T15:52:44.654691"
"0129074f-7436-4996-9141-e704c304a193","Nuts, hazelnuts or filberts, raw","nuts hazelnuts or filberts raw","Nut and Seed Products","100.00","g","621.89","2515375","USDA","True","","2026-01-07T15:52:44.654691","2026-01-07T15:52:44.654691"
"a2147032-c02b-4711-a789-bcefe3567e6d","Peanuts, raw","peanuts raw","Legumes and Legume Products","100.00","g","569.48","2515376","USDA","True","","2026-01-07T15:52:44.654691","2026-01-07T15:52:44.654691"
"04ef39d5-625e-4587-8156-3e6531316d55","Flour, chestnut","flour chestnut","Nut and Seed Products","100.00","g","384.63","2515377","USDA","True","","2026-01-07T15:52:44.654691","2026-01-07T15:52:44.654691"
"fe17b9d4-650e-4a73-8e98-fc0d40601e61","Nuts, macadamia nuts, raw","nuts macadamia nuts raw","Nut and Seed Products","100.00","g","690.22","2515378","USDA","True","","2026-01-07T15:52:44.654691","2026-01-07T15:52:44.654691"
"38fc0ce4-44d5-40ff-bb2d-ab77c6425dc6","Nuts, pistachio nuts, raw","nuts pistachio nuts raw","Nut and Seed Products","100.00","g","579.33","2515379","USDA","True","","2026-01-07T15:52:44.654691","2026-01-07T15:52:44.654691"
"08a79b37-6597-446e-a0a1-40d4a3559204","Seeds, pumpkin seeds (pepitas), raw","seeds pumpkin seeds pepitas raw","Nut and Seed Products","100.00","g","534.72","2515380","USDA","True","","2026-01-07T15:52:44.654691","2026-01-07T15:52:44.654691"
"5e559438-10a4-4734-9663-d0304a5207aa","Seeds, sunflower seed, kernel, raw","seeds sunflower seed kernel raw","Nut and Seed Products","100.00","g","590.05","2515381","USDA","True","","2026-01-07T15:52:44.654691","2026-01-07T15:52:44.654691"
"4a00dd34-fb16-4460-ab03-5a97001f5b70","Flour, coconut","flour coconut","Nut and Seed Products","100.00","g","430.66","2515382","USDA","True","","2026-01-07T15:52:44.654691","2026-01-07T15:52:44.654691"
"100bb254-c20a-4600-9bd3-355070538d81","Beans, cannellini, dry","beans cannellini dry","Legumes and Legume Products","100.00","g","340.91","2644281","USDA","True","","2026-01-07T15:52:44.654691","2026-01-07T15:52:44.654691"
"fdef5f1b-c470-4f40-a143-58c580763010","Chickpeas, (garbanzo beans, bengal gram), dry","chickpeas garbanzo beans bengal gram dry","Legumes and Legume Products","100.00","g","377.50","2644282","USDA","True","","2026-01-07T15:52:44.654691","2026-01-07T15:52:44.654691"
"80070b62-a0c7-4257-a684-93c69c111cc0","Lentils, dry","lentils dry","Legumes and Legume Products","100.00","g","355.61","2644283","USDA","True","","2026-01-07T15:52:44.654691","2026-01-07T15:52:44.654691"
"c1e0ac84-a52f-48dc-955f-49e1e838e450","Blackeye pea, dry","blackeye pea dry","Legumes and Legume Products","100.00","g","349.79","2644284","USDA","True","","2026-01-07T15:52:44.654691","2026-01-07T15:52:44.654691"
"c0283981-245e-489d-b40c-3b67b67b85cf","Beans, black, canned, sodium added, drained and rinsed","beans black canned sodium added drained and rinsed","Legumes and Legume Products","100.00","g","116.82","2644285","USDA","True","","2026-01-07T15:52:44.654691","2026-01-07T15:52:44.654691"
"555f7413-cea4-4f5e-864a-47b85300a68e","Beans, navy, canned, sodium added, drained and rinsed","beans navy canned sodium added drained and rinsed","Legumes and Legume Products","100.00","g","117.31","2644286","USDA","True","","2026-01-07T15:52:44.654691","2026-01-07T15:52:44.654691"
"69f7dd64-5289-4d7a-a954-e9780d541d44","Beans, cannellini, canned, sodium added, drained and rinsed","beans cannellini canned sodium added drained and rinsed","Legumes and Legume Products","100.00","g","113.77","2644287","USDA","True","","2026-01-07T15:52:44.654691","2026-01-07T15:52:44.654691"
"827b4122-7588-4ee6-b1ce-757af057bc1b","Chickpeas (garbanzo beans, bengal gram), canned, sodium added, drained and rinsed","chickpeas garbanzo beans bengal gram canned sodium added drained and rinsed","Legumes and Legume Products","100.00","g","135.10","2644288","USDA","True","","2026-01-07T15:52:44.654691","2026-01-07T15:52:44.654691"
"4d2d1883-5116-4855-af2a-573efe71dee0","Beans, kidney, dark red, canned, sodium added, sugar added, drained and rinsed","beans kidney dark red canned sodium added sugar added drained and rinsed","Legumes and Legume Products","100.00","g","124.90","2644289","USDA","True","","2026-01-07T15:52:44.654691","2026-01-07T15:52:44.654691"
"5e5e29b0-eaab-450d-90f1-014bc9db0f73","Beans, kidney, light red, canned, sodium added, sugar added, drained and rinsed","beans kidney light red canned sodium added sugar added drained and rinsed","Legumes and Legume Products","100.00","g","125.11","2644290","USDA","True","","2026-01-07T15:52:44.654691","2026-01-07T15:52:44.654691"
"bfbec04e-e58e-429f-9c34-1aa5df045c4e","Peas, green, sweet, canned, sodium added, sugar added, drained and rinsed","peas green sweet canned sodium added sugar added drained and rinsed","Vegetables and Vegetable Products","100.00","g","78.97","2644291","USDA","True","","2026-01-07T15:52:44.654691","2026-01-07T15:52:44.654691"
"66ee1cd3-0bb7-43fd-9a9e-99e0e696ac77","Beans, pinto, canned, sodium added, drained and rinsed","beans pinto canned sodium added drained and rinsed","Legumes and Legume Products","100.00","g","115.08","2644292","USDA","True","","2026-01-07T15:52:44.654691","2026-01-07T15:52:44.654691"
"32b241d0-f028-478d-b986-e52764864e0f","Blackeye pea, canned, sodium added, drained and rinsed","blackeye pea canned sodium added drained and rinsed","Legumes and Legume Products","100.00","g","114.46","2644293","USDA","True","","2026-01-07T15:52:44.654691","2026-01-07T15:52:44.654691"
"06ba4491-43af-4031-8a22-0e2172bd6d08","Beans, great northern, canned, sodium added, drained and rinsed","beans great northern canned sodium added drained and rinsed","Legumes and Legume Products","100.00","g","115.25","2644294","USDA","True","","2026-01-07T15:52:44.654691","2026-01-07T15:52:44.654691"
"9918c0f9-60c2-49ed-917b-592164b44683","Pork, loin, boneless, raw","pork loin boneless raw","Pork Products","100.00","g","170.75","2646168","USDA","True","","2026-01-07T15:52:44.654691","2026-01-07T15:52:44.654691"
"f3aac542-e2b6-418f-ada2-46971e696125","Pork, loin, tenderloin, boneless, raw","pork loin tenderloin boneless raw","Pork Products","100.00","g","122.03","2646169","USDA","True","","2026-01-07T15:52:44.654691","2026-01-07T15:52:44.654691"
"20a3d898-da77-4cf5-b646-91c8b3f08256","Chicken, breast, boneless, skinless, raw","chicken breast boneless skinless raw","Poultry Products","100.00","g","109.12","2646170","USDA","True","","2026-01-07T15:52:44.654691","2026-01-07T15:52:44.654691"
"404efa1c-6738-4051-9c4c-5acf5c4ac1fd","Chicken, thigh, boneless, skinless, raw","chicken thigh boneless skinless raw","Poultry Products","100.00","g","146.69","2646171","USDA","True","","2026-01-07T15:52:44.654691","2026-01-07T15:52:44.654691"
"c8a6ed26-667c-494f-ad5b-1947014ee68f","Beef, ribeye, steak, boneless, choice, raw","beef ribeye steak boneless choice raw","Beef Products","100.00","g","256.86","2646172","USDA","True","","2026-01-07T15:52:44.654691","2026-01-07T15:52:44.654691"
"19930dbe-8fa3-4ee5-88ad-2bf5820beccc","Beef, round, top round, boneless, choice, raw","beef round top round boneless choice raw","Beef Products","100.00","g","143.54","2646173","USDA","True","","2026-01-07T15:52:44.654691","2026-01-07T15:52:44.654691"
"b249c94e-0cd7-4908-91f4-65236e5090d4","Beef, chuck, roast, boneless, choice, raw","beef chuck roast boneless choice raw","Beef Products","100.00","g","234.40","2646174","USDA","True","","2026-01-07T15:52:44.654691","2026-01-07T15:52:44.654691"
"cab448e7-09a8-4059-823f-efee221c74a2","Beef, flank, steak, boneless, choice, raw","beef flank steak boneless choice raw","Beef Products","100.00","g","166.73","2646175","USDA","True","","2026-01-07T15:52:44.654691","2026-01-07T15:52:44.654691"
"9dcaeed8-292e-4a36-b127-223a34e850c8","Yogurt, plain, nonfat","yogurt plain nonfat","Dairy and Egg Products","100.00","g","50.04","2647437","USDA","True","","2026-01-07T15:52:44.654691","2026-01-07T15:52:44.654691"
"b73b2b71-a688-4a68-a9c7-c425ad47bf99","Cheese, monterey jack, solid","cheese monterey jack solid","Dairy and Egg Products","100.00","g","391.23","2647438","USDA","True","","2026-01-07T15:52:44.654691","2026-01-07T15:52:44.654691"
"2412c21e-1d9b-4f67-85aa-f87f88e52d6d","Cheese, pasteurized process cheese food or product, American, singles","cheese pasteurized process cheese food or product american singles","Dairy and Egg Products","100.00","g","308.83","2647439","USDA","True","","2026-01-07T15:52:44.654691","2026-01-07T15:52:44.654691"
"3bb2a28f-97fb-4c53-b821-b7ec264a517b","Cheese, provolone, sliced","cheese provolone sliced","Dairy and Egg Products","100.00","g","356.85","2647440","USDA","True","","2026-01-07T15:52:44.654691","2026-01-07T15:52:44.654691"
"a07d8928-94a7-4082-b068-778f27a2eee0","Cheese, oaxaca, solid","cheese oaxaca solid","Dairy and Egg Products","100.00","g","297.60","2647441","USDA","True","","2026-01-07T15:52:44.654691","2026-01-07T15:52:44.654691"
"ba369141-1c7f-4ac3-b9a1-f3310f750ba0","Cheese, queso fresco, solid","cheese queso fresco solid","Dairy and Egg Products","100.00","g","297.51","2647442","USDA","True","","2026-01-07T15:52:44.654691","2026-01-07T15:52:44.654691"
"1f8e6a08-12cd-4b09-a4d2-f3630e48f46e","Cheese, cotija, solid","cheese cotija solid","Dairy and Egg Products","100.00","g","351.58","2647443","USDA","True","","2026-01-07T15:52:44.654691","2026-01-07T15:52:44.654691"
"98f75cda-4668-40ac-97cb-1beaf7f35552","Fish, salmon, sockeye, wild caught, raw","fish salmon sockeye wild caught raw","Finfish and Shellfish Products","100.00","g","133.10","2684440","USDA","True","","2026-01-07T15:52:44.654691","2026-01-07T15:52:44.654691"
"77828ea6-a141-454b-90bf-f346418d1b79","Fish, salmon, Atlantic, farm raised, raw","fish salmon atlantic farm raised raw","Finfish and Shellfish Products","100.00","g","200.20","2684441","USDA","True","","2026-01-07T15:52:44.654691","2026-01-07T15:52:44.654691"
"0e4177b1-58d5-4b5b-85a3-4d4f300bff16","Fish, tilapia, farm raised, raw","fish tilapia farm raised raw","Finfish and Shellfish Products","100.00","g","97.31","2684442","USDA","True","","2026-01-07T15:52:44.654691","2026-01-07T15:52:44.654691"
"e3d08c62-1a6f-44ee-9197-4c03abe4f4df","Crustaceans, shrimp, farm raised, raw","crustaceans shrimp farm raised raw","Finfish and Shellfish Products","100.00","g","73.56","2684443","USDA","True","","2026-01-07T15:52:44.654691","2026-01-07T15:52:44.654691"
"d75d07fc-3067-448e-9a85-309bdf2f4af2","Fish, cod, Atlantic, wild caught, raw","fish cod atlantic wild caught raw","Finfish and Shellfish Products","100.00","g","68.23","2684444","USDA","True","","2026-01-07T15:52:44.654691","2026-01-07T15:52:44.654691"
"1bcab28b-c0cb-4287-9eec-f5c15abe7f47","Fish, catfish, farm raised, raw","fish catfish farm raised raw","Finfish and Shellfish Products","100.00","g","131.45","2684445","USDA","True","","2026-01-07T15:52:44.654691","2026-01-07T15:52:44.654691"
"4931cb14-54ef-40d4-953a-c51d4568a388","Crustaceans, crab, blue swimming, lump, pasteurized, refrigerated","crustaceans crab blue swimming lump pasteurized refrigerated","Finfish and Shellfish Products","100.00","g","83.51","2684446","USDA","True","","2026-01-07T15:52:44.654691","2026-01-07T15:52:44.654691"
"10f5257e-40bd-4930-90c4-56a2383f223d","Squash, summer, green, zucchini, includes skin, raw","squash summer green zucchini includes skin raw","Vegetables and Vegetable Products","100.00","g","17.50","2685568","USDA","True","","2026-01-07T15:52:44.654691","2026-01-07T15:52:44.654691"
"f99173ef-5419-4041-b207-8e46c8ed7fe3","Squash, summer, yellow, includes skin, raw","squash summer yellow includes skin raw","Vegetables and Vegetable Products","100.00","g","20.50","2685569","USDA","True","","2026-01-07T15:52:44.654691","2026-01-07T15:52:44.654691"
"ea22cccd-7ad1-4b2d-a22a-059b87879a04","Squash, winter, butternut, raw","squash winter butternut raw","Vegetables and Vegetable Products","100.00","g","44.92","2685570","USDA","True","","2026-01-07T15:52:44.654691","2026-01-07T15:52:44.654691"
"8315d0ce-d413-49c8-bcf2-34bc562e9123","Squash, winter, acorn, raw","squash winter acorn raw","Vegetables and Vegetable Products","100.00","g","45.28","2685571","USDA","True","","2026-01-07T15:52:44.654691","2026-01-07T15:52:44.654691"
"0f39c979-484f-4fce-a79e-00df6bc8d0bd","Cabbage, bok choy, raw","cabbage bok choy raw","Vegetables and Vegetable Products","100.00","g","18.63","2685572","USDA","True","","2026-01-07T15:52:44.654691","2026-01-07T15:52:44.654691"
"b4c2ccfe-180e-4f4e-8dac-4d71c52425be","Cauliflower, raw","cauliflower raw","Vegetables and Vegetable Products","100.00","g","25.22","2685573","USDA","True","","2026-01-07T15:52:44.654691","2026-01-07T15:52:44.654691"
"cbada5bf-2454-4214-b35d-d01d9a81c14a","Collards, raw","collards raw","Vegetables and Vegetable Products","100.00","g","42.83","2685574","USDA","True","","2026-01-07T15:52:44.654691","2026-01-07T15:52:44.654691"
"fe07e960-ed1d-46e4-b49c-56d218c043d5","Brussels sprouts, raw","brussels sprouts raw","Vegetables and Vegetable Products","100.00","g","54.13","2685575","USDA","True","","2026-01-07T15:52:44.654691","2026-01-07T15:52:44.654691"
"ac4673a2-b1ca-4b61-b129-516e98f4bbe4","Beets, raw","beets raw","Vegetables and Vegetable Products","100.00","g","42.79","2685576","USDA","True","","2026-01-07T15:52:44.654691","2026-01-07T15:52:44.654691"
"b2dc3b53-af76-44f3-b97b-d87d87d0d7d5","Eggplant, raw","eggplant raw","Vegetables and Vegetable Products","100.00","g","24.22","2685577","USDA","True","","2026-01-07T15:52:44.654691","2026-01-07T15:52:44.654691"
"4529cac8-b4b9-470d-baf2-5c2b4f84d443","Tomatoes, whole, canned, solids and liquids, with salt added","tomatoes whole canned solids and liquids with salt added","Vegetables and Vegetable Products","100.00","g","20.81","2685578","USDA","True","","2026-01-07T15:52:44.654691","2026-01-07T15:52:44.654691"
"44a5aed1-afbd-4488-9493-a549ffd25f96","Tomato, sauce, canned, with salt added","tomato sauce canned with salt added","Vegetables and Vegetable Products","100.00","g","31.64","2685579","USDA","True","","2026-01-07T15:52:44.654691","2026-01-07T15:52:44.654691"
"2f112349-96ab-4dbe-be10-fbc3d7f4f6bd","Tomato, paste, canned, without salt added","tomato paste canned without salt added","Vegetables and Vegetable Products","100.00","g","96.41","2685580","USDA","True","","2026-01-07T15:52:44.654691","2026-01-07T15:52:44.654691"
"17cfee10-c0c9-470e-b673-b11087385b93","Tomatoes, crushed, canned","tomatoes crushed canned","Vegetables and Vegetable Products","100.00","g","35.09","2685581","USDA","True","","2026-01-07T15:52:44.654691","2026-01-07T15:52:44.654691"
"7809c921-1f13-4be3-8076-3c1d0ff32038","Tomato, puree, canned","tomato puree canned","Vegetables and Vegetable Products","100.00","g","37.80","2685582","USDA","True","","2026-01-07T15:52:44.654691","2026-01-07T15:52:44.654691"
"a123ffc3-87c8-4726-8381-c56726b067cd","Apricot, with skin, raw","apricot with skin raw","Fruits and Fruit Juices","100.00","g","45.96","2710815","USDA","True","","2026-01-07T15:52:44.654691","2026-01-07T15:52:44.654691"
"f5250269-e47c-4892-9105-f40e053e460c","Melons, honeydew, raw","melons honeydew raw","Fruits and Fruit Juices","100.00","g","34.80","2710816","USDA","True","","2026-01-07T15:52:44.654691","2026-01-07T15:52:44.654691"
"33bee56e-35b0-48bb-bdd2-2f14ab946539","Plantains, ripe, raw","plantains ripe raw","Fruits and Fruit Juices","100.00","g","129.63","2710817","USDA","True","","2026-01-07T15:52:44.654691","2026-01-07T15:52:44.654691"
"678f90ff-6537-4374-a065-b3a6544ca4d7","Plantains, underripe, raw","plantains underripe raw","Fruits and Fruit Juices","100.00","g","144.97","2710818","USDA","True","","2026-01-07T15:52:44.654691","2026-01-07T15:52:44.654691"
"57a6d0a5-f27d-4ebd-9900-a5782a7ddbc6","Chia seeds, dry, raw","chia seeds dry raw","Cereal Grains and Pasta","100.00","g","503.62","2710819","USDA","True","","2026-01-07T15:52:44.654691","2026-01-07T15:52:44.654691"
"04338f67-cdca-47b4-9af6-670faf1dff93","Bulgur, dry, raw","bulgur dry raw","Cereal Grains and Pasta","100.00","g","360.82","2710820","USDA","True","","2026-01-07T15:52:44.654691","2026-01-07T15:52:44.654691"
"b808f237-0459-410e-85c3-a027b2dc73d5","Wild rice, dry, raw","wild rice dry raw","Cereal Grains and Pasta","100.00","g","363.86","2710821","USDA","True","","2026-01-07T15:52:44.654691","2026-01-07T15:52:44.654691"
"68de7c71-458c-4446-bd6f-3f5ad5c274a0","Arugula, baby, raw","arugula baby raw","Vegetables and Vegetable Products","100.00","g","28.45","2710822","USDA","True","","2026-01-07T15:52:44.654691","2026-01-07T15:52:44.654691"
"b19c63b1-a722-4171-84a0-9d19a036a1c0","Asparagus, green, raw","asparagus green raw","Vegetables and Vegetable Products","100.00","g","25.82","2710823","USDA","True","","2026-01-07T15:52:44.654691","2026-01-07T15:52:44.654691"
"b9dd7432-e9d2-4a04-8651-ef58b70705a5","Avocado, Hass, peeled, raw","avocado hass peeled raw","Fruits and Fruit Juices","100.00","g","214.69","2710824","USDA","True","","2026-01-07T15:52:44.654691","2026-01-07T15:52:44.654691"
"878f5115-4dd1-40fb-b887-7f91a08bf00f","Rice, black, unenriched, raw","rice black unenriched raw","Cereal Grains and Pasta","100.00","g","365.25","2710825","USDA","True","","2026-01-07T15:52:44.654691","2026-01-07T15:52:44.654691"
"493ec2af-dd20-4632-bf58-7e6bd9a79c86","Corn, sweet, yellow and white kernels,  fresh, raw","corn sweet yellow and white kernels  fresh raw","Vegetables and Vegetable Products","100.00","g","78.70","2710826","USDA","True","","2026-01-07T15:52:44.654691","2026-01-07T15:52:44.654691"
"5f107a10-ad66-43f8-8126-9977066c7271","Einkorn, grain, dry, raw","einkorn grain dry raw","Cereal Grains and Pasta","100.00","g","357.53","2710827","USDA","True","","2026-01-07T15:52:44.654691","2026-01-07T15:52:44.654691"
"3164f2fc-f853-4305-8f5e-d0aa0bc23949","Farro, pearled, dry, raw","farro pearled dry raw","Cereal Grains and Pasta","100.00","g","355.51","2710828","USDA","True","","2026-01-07T15:52:44.654691","2026-01-07T15:52:44.654691"
"67a7131d-744a-448a-a2a2-042bf18e3470","Fonio, grain, dry, raw","fonio grain dry raw","Cereal Grains and Pasta","100.00","g","373.01","2710829","USDA","True","","2026-01-07T15:52:44.654691","2026-01-07T15:52:44.654691"
"1b7fb519-1529-4f7c-9bc5-153d572d8e3e","Khorasan, grain, dry, raw","khorasan grain dry raw","Cereal Grains and Pasta","100.00","g","359.60","2710830","USDA","True","","2026-01-07T15:52:44.654691","2026-01-07T15:52:44.654691"
"d04db6fd-b015-492b-af34-4c4224e21961","Kiwifruit (kiwi), green, peeled, raw","kiwifruit kiwi green peeled raw","Fruits and Fruit Juices","100.00","g","61.78","2710831","USDA","True","","2026-01-07T15:52:44.654691","2026-01-07T15:52:44.654691"
"1b188990-d92a-4dad-980e-1d1cb0611d7a","Mandarin, seedless, peeled, raw","mandarin seedless peeled raw","Fruits and Fruit Juices","100.00","g","58.80","2710832","USDA","True","","2026-01-07T15:52:44.654691","2026-01-07T15:52:44.654691"
"2931adce-0696-4d47-bb11-dc42f3b24741","Mango, Tommy Atkins, peeled, raw","mango tommy atkins peeled raw","Fruits and Fruit Juices","100.00","g","65.05","2710833","USDA","True","","2026-01-07T15:52:44.654691","2026-01-07T15:52:44.654691"
"d47625f3-a011-4570-a7d2-a70fd8eaa3d7","Mango, Ataulfo, peeled, raw","mango ataulfo peeled raw","Fruits and Fruit Juices","100.00","g","74.55","2710834","USDA","True","","2026-01-07T15:52:44.654691","2026-01-07T15:52:44.654691"
"4af7f98a-6b11-4ae3-a25c-90f8449404bd","Corn flour, masa harina, white or yellow, dry, raw","corn flour masa harina white or yellow dry raw","Cereal Grains and Pasta","100.00","g","371.05","2710835","USDA","True","","2026-01-07T15:52:44.654691","2026-01-07T15:52:44.654691"
"d3b0da0e-dc94-4c3f-b8a6-0c730c32be39","Pear, Anjou, green, with skin, raw","pear anjou green with skin raw","Fruits and Fruit Juices","100.00","g","60.49","2710836","USDA","True","","2026-01-07T15:52:44.654691","2026-01-07T15:52:44.654691"
"a38feffc-ffdd-4a87-8252-3d1621d3cb29","Plum, black, with skin, raw","plum black with skin raw","Fruits and Fruit Juices","100.00","g","55.71","2710837","USDA","True","","2026-01-07T15:52:44.654691","2026-01-07T15:52:44.654691"
"88967776-263f-4fc9-8f58-ea075ade6300","Rice, red, unenriched, dry, raw","rice red unenriched dry raw","Cereal Grains and Pasta","100.00","g","364.91","2710838","USDA","True","","2026-01-07T15:52:44.654691","2026-01-07T15:52:44.654691"
"e23b45ac-618a-46de-a132-c115f22e7a51","Sorghum bran, white, unenriched, dry, raw","sorghum bran white unenriched dry raw","Cereal Grains and Pasta","100.00","g","383.65","2710839","USDA","True","","2026-01-07T15:52:44.654691","2026-01-07T15:52:44.654691"
"f9fd8b54-2f05-47d5-885c-707f20bac979","Sorghum flour, white, pearled, unenriched, dry, raw","sorghum flour white pearled unenriched dry raw","Cereal Grains and Pasta","100.00","g","356.79","2710840","USDA","True","","2026-01-07T15:52:44.654691","2026-01-07T15:52:44.654691"
"15aba4e3-4901-4558-bfef-135d78224ae0","Sorghum grain, white, pearled, unenriched, dry, raw","sorghum grain white pearled unenriched dry raw","Cereal Grains and Pasta","100.00","g","354.13","2710841","USDA","True","","2026-01-07T15:52:44.654691","2026-01-07T15:52:44.654691"
"92a06034-fdab-4c32-b2a5-95a04b11ba35","Sorghum, whole grain, white, dry, raw","sorghum whole grain white dry raw","Cereal Grains and Pasta","100.00","g","356.79","2710842","USDA","True","","2026-01-07T15:52:44.654691","2026-01-07T15:52:44.654691"
"7d49cdeb-80d4-48e6-8b13-1aa1b5b5d590","Plantains, overripe, raw","plantains overripe raw","Fruits and Fruit Juices","100.00","g","123.82","2710843","USDA","True","","2026-01-07T15:52:44.654691","2026-01-07T15:52:44.654691"
"fe13a317-9fcf-469a-b10b-faf0ddb4b914","Chicken, drumstick, meat and skin, raw","chicken drumstick meat and skin raw","Poultry Products","100.00","g","127.55","2727566","USDA","True","","2026-01-07T15:52:44.654691","2026-01-07T15:52:44.654691"
"629c95e5-b4b3-4f48-9daf-dca9d69c3598","Chicken, thigh, meat and skin, raw","chicken thigh meat and skin raw","Poultry Products","100.00","g","190.34","2727567","USDA","True","","2026-01-07T15:52:44.654691","2026-01-07T15:52:44.654691"
"9fb9a91c-54aa-4fcd-868e-0dadbe1b96fb","Chicken, wing, meat and skin, raw","chicken wing meat and skin raw","Poultry Products","100.00","g","170.17","2727568","USDA","True","","2026-01-07T15:52:44.654691","2026-01-07T15:52:44.654691"
"8fca6f8c-800a-4a44-92db-6aac7df2dc9a","Chicken, breast, meat and skin, raw","chicken breast meat and skin raw","Poultry Products","100.00","g","129.87","2727569","USDA","True","","2026-01-07T15:52:44.654691","2026-01-07T15:52:44.654691"
"ff7c21c0-af38-4c5c-a36a-eed9d9450f0f","Lamb, ground, raw","lamb ground raw","Lamb, Veal, and Game Products","100.00","g","239.17","2727570","USDA","True","","2026-01-07T15:52:44.654691","2026-01-07T15:52:44.654691"
"329507d3-2d7e-44bb-9dcc-6781120cb94b","Bison, ground, raw","bison ground raw","Lamb, Veal, and Game Products","100.00","g","161.63","2727571","USDA","True","","2026-01-07T15:52:44.654691","2026-01-07T15:52:44.654691"
"be9221cb-9a5e-4636-a983-e05fb5b94b02","Beef, short loin (NY strip steak), raw","beef short loin ny strip steak raw","Beef Products","100.00","g","193.02","2727572","USDA","True","","2026-01-07T15:52:44.654691","2026-01-07T15:52:44.654691"
"5ceb4d1b-34fe-44ec-a55f-c9768ec5ebee","Beef, tenderloin steak, raw","beef tenderloin steak raw","Beef Products","100.00","g","146.10","2727573","USDA","True","","2026-01-07T15:52:44.654691","2026-01-07T15:52:44.654691"
"c7fbbe55-5455-4008-95ec-234f7fbc6c16","Beef, top sirloin steak, raw","beef top sirloin steak raw","Beef Products","100.00","g","143.15","2727574","USDA","True","","2026-01-07T15:52:44.654691","2026-01-07T15:52:44.654691"
"9cfbef49-9cc5-4048-9ea4-4607aeeb2ebc","Pork, chop, center cut, raw","pork chop center cut raw","Pork Products","100.00","g","141.45","2727575","USDA","True","","2026-01-07T15:52:44.654691","2026-01-07T15:52:44.654691"
"1c18ace0-7f47-4d88-9a30-843ac0c6f509","Pork, belly, with skin, raw","pork belly with skin raw","Pork Products","100.00","g","382.91","2727576","USDA","True","","2026-01-07T15:52:44.654691","2026-01-07T15:52:44.654691"
"16bcb57d-d234-4bfe-b8c0-b3c26a5c80df","Anchovies, canned in olive oil, with salt, drained","anchovies canned in olive oil with salt drained","Finfish and Shellfish Products","100.00","g","206.06","2747652","USDA","True","","2026-01-07T15:52:44.654691","2026-01-07T15:52:44.654691"
"b0974a1d-11fe-444e-912f-20e56a80123e","Beet greens, raw","beet greens raw","Vegetables and Vegetable Products","100.00","g","26.37","2747653","USDA","True","","2026-01-07T15:52:44.654691","2026-01-07T15:52:44.654691"
"60cc0f34-809e-410f-98d9-619950821a2c","Cod, Pacific or Alaskan, frozen, wild caught","cod pacific or alaskan frozen wild caught","Finfish and Shellfish Products","100.00","g","60.84","2747654","USDA","True","","2026-01-07T15:52:44.654691","2026-01-07T15:52:44.654691"
"d190152a-abd5-4f69-903e-7183d879186b","Fennel, bulb, raw","fennel bulb raw","Vegetables and Vegetable Products","100.00","g","26.89","2747655","USDA","True","","2026-01-07T15:52:44.654691","2026-01-07T15:52:44.654691"
"b438fd30-7d7e-4085-93e7-7ee9855cca48","Halibut, frozen, wild caught","halibut frozen wild caught","Finfish and Shellfish Products","100.00","g","81.33","2747656","USDA","True","","2026-01-07T15:52:44.654691","2026-01-07T15:52:44.654691"
"4f0644bf-89fa-4078-a107-b37054dd3abf","Lobster, tail only, frozen, wild caught","lobster tail only frozen wild caught","Finfish and Shellfish Products","100.00","g","58.82","2747657","USDA","True","","2026-01-07T15:52:44.654691","2026-01-07T15:52:44.654691"
"7d4661bb-959a-4eae-b282-916c664b6e2e","Mahi mahi, frozen, wild caught","mahi mahi frozen wild caught","Finfish and Shellfish Products","100.00","g","83.71","2747658","USDA","True","","2026-01-07T15:52:44.654691","2026-01-07T15:52:44.654691"
"b46f8bcc-aac8-492c-b2e2-49d876ba9617","Parsnips, raw","parsnips raw","Vegetables and Vegetable Products","100.00","g","87.07","2747659","USDA","True","","2026-01-07T15:52:44.654691","2026-01-07T15:52:44.654691"
"db4a0046-b132-4ed1-9f07-8cb26315d378","Peppers, banana or Hungarian wax, seeded, raw","peppers banana or hungarian wax seeded raw","Vegetables and Vegetable Products","100.00","g","23.94","2747660","USDA","True","","2026-01-07T15:52:44.654691","2026-01-07T15:52:44.654691"
"587d039b-967b-4d4c-a155-da428b537357","Peppers, jalapeno, seeded, raw","peppers jalapeno seeded raw","Vegetables and Vegetable Products","100.00","g","24.13","2747661","USDA","True","","2026-01-07T15:52:44.654691","2026-01-07T15:52:44.654691"
"7b54172f-d0b2-4452-a0f9-d374f0b45468","Peppers, poblano, seeded, raw","peppers poblano seeded raw","Vegetables and Vegetable Products","100.00","g","27.99","2747662","USDA","True","","2026-01-07T15:52:44.654691","2026-01-07T15:52:44.654691"
"a8fd5284-be0b-4023-bba0-021f68df3197","Peppers, serrano, seeded, raw","peppers serrano seeded raw","Vegetables and Vegetable Products","100.00","g","29.23","2747663","USDA","True","","2026-01-07T15:52:44.654691","2026-01-07T15:52:44.654691"
"dc043822-35de-4606-b989-48ff46245324","Radicchio, raw","radicchio raw","Vegetables and Vegetable Products","100.00","g","26.37","2747664","USDA","True","","2026-01-07T15:52:44.654691","2026-01-07T15:52:44.654691"
"41ec59ea-dac1-45bd-9320-7f05e4fda7cc","Radishes, red, raw","radishes red raw","Vegetables and Vegetable Products","100.00","g","19.60","2747665","USDA","True","","2026-01-07T15:52:44.654691","2026-01-07T15:52:44.654691"
"69f65576-2542-41f6-b4e1-6d63345e4bda","Scallops, bay, Patagonian, frozen, wild caught","scallops bay patagonian frozen wild caught","Finfish and Shellfish Products","100.00","g","78.46","2747666","USDA","True","","2026-01-07T15:52:44.654691","2026-01-07T15:52:44.654691"
"a3d1380d-0572-42b6-b497-6cdb2e148573","Scallops, sea, frozen, wild caught","scallops sea frozen wild caught","Finfish and Shellfish Products","100.00","g","66.35","2747667","USDA","True","","2026-01-07T15:52:44.654691","2026-01-07T15:52:44.654691"
"bc33a741-75cc-423c-87b9-43ba87a54c98","Sea bass, Chilean, frozen, wild caught","sea bass chilean frozen wild caught","Finfish and Shellfish Products","100.00","g","209.39","2747668","USDA","True","","2026-01-07T15:52:44.654691","2026-01-07T15:52:44.654691"
"a00e945b-24c5-4b76-9482-0e3f9973e56d","Snapper, frozen, wild caught","snapper frozen wild caught","Finfish and Shellfish Products","100.00","g","89.54","2747669","USDA","True","","2026-01-07T15:52:44.654691","2026-01-07T15:52:44.654691"
"2d00bafd-68c6-47f1-9fc9-b71a451324d5","Snow crab, legs only, frozen","snow crab legs only frozen","Finfish and Shellfish Products","100.00","g","69.22","2747670","USDA","True","","2026-01-07T15:52:44.654691","2026-01-07T15:52:44.654691"
"6e8f2ad5-49f5-40b5-a0fe-587ca43325ea","Squid (calamari), frozen, tubes only","squid calamari frozen tubes only","Finfish and Shellfish Products","100.00","g","43.91","2747671","USDA","True","","2026-01-07T15:52:44.654691","2026-01-07T15:52:44.654691"
"95d1d18f-6d30-4860-87fe-e67606136041","Swordfish, frozen, wild caught","swordfish frozen wild caught","Finfish and Shellfish Products","100.00","g","151.86","2747672","USDA","True","","2026-01-07T15:52:44.654691","2026-01-07T15:52:44.654691"
"ee97b49c-89f0-43f3-a92a-79bdfbee6327","Tuna, ahi or yellowfin, frozen, wild caught","tuna ahi or yellowfin frozen wild caught","Finfish and Shellfish Products","100.00","g","101.87","2747673","USDA","True","","2026-01-07T15:52:44.654691","2026-01-07T15:52:44.654691"
"c22a1225-6519-4776-ac87-99360b09c3ab","Turnips, raw","turnips raw","Vegetables and Vegetable Products","100.00","g","33.98","2747674","USDA","True","","2026-01-07T15:52:44.654691","2026-01-07T15:52:44.654691"
"5e18a954-743a-456e-bda7-89378245a4d0","Watermelon, seedless, rind only, raw","watermelon seedless rind only raw","Fruits and Fruit Juices","100.00","g","23.90","2747676","USDA","True","","2026-01-07T15:52:44.654691","2026-01-07T15:52:44.654691"
